new_cases,icu_patients
2783.7391304347825,
26956.14285714286,
49945.45652173913,10728.679487179486
140775.96739130435,17446.445652173912
115239.91111111111,17543.411111111112
35314.846153846156,6975.010989010989
105978.55434782608,17054.0
122920.30434782608,14721.260869565218
280798.9555555555,14129.266666666666
30874.5,1717.1
